id,code,l10n_bg_ecattu,l10n_bg_type_settlement_id/id,name@en_US,name@bg_BG,l10n_bg_city_hall_code,l10n_bg_structure_type,country_id/id,zipcode,l10n_bg_has_tax_office,state_id/id,l10n_bg_municipality_id/id,l10n_bg_city_hall_id/id
l10n_bg_city.00084,00084,00084,l10n_bg_city.village,Avren,Аврен,VAR01-00,municipality,base.bg,9140,False,l10n_bg_city.S10135,,
l10n_bg_city.00151,00151,00151,l10n_bg_city.town,Aytos,Айтос,BGS01-00,municipality,base.bg,8500,False,l10n_bg_city.S07079,,
l10n_bg_city.00182,00182,00182,l10n_bg_city.town,Aksakovo,Аксаково,VAR02-00,municipality,base.bg,9154,False,l10n_bg_city.S10135,,
l10n_bg_city.00415,00415,00415,l10n_bg_city.town,Alfatar,Алфатар,SLS01-00,municipality,base.bg,7570,False,l10n_bg_city.S66425,,
l10n_bg_city.00504,00504,00504,l10n_bg_city.village,Anton,Антон,SFO54-00,municipality,base.bg,2089,False,l10n_bg_city.S68134,,
l10n_bg_city.00518,00518,00518,l10n_bg_city.town,Antonovo,Антоново,TGV02-00,municipality,base.bg,7970,False,l10n_bg_city.S73626,,
l10n_bg_city.52218,52218,52218,l10n_bg_city.town,Apriltsi,Априлци,LOV02-00,municipality,base.bg,5635,False,l10n_bg_city.S43952,,
l10n_bg_city.00607,00607,00607,l10n_bg_city.town,Ardino,Ардино,KRZ02-00,municipality,base.bg,6750,False,l10n_bg_city.S40909,,
l10n_bg_city.00702,00702,00702,l10n_bg_city.town,Asenovgrad,Асеновград,PDV01-00,municipality,base.bg,4230,False,l10n_bg_city.S56784,,
l10n_bg_city.02508,02508,02508,l10n_bg_city.town,Balchik,Балчик,DOB03-00,municipality,base.bg,9600,False,l10n_bg_city.S72624,,
l10n_bg_city.44402,44402,44402,l10n_bg_city.village,Banite,Баните,SML02-00,municipality,base.bg,4940,False,l10n_bg_city.S67653,,
l10n_bg_city.02676,02676,02676,l10n_bg_city.town,Bansko,Банско,BLG01-00,municipality,base.bg,2770,False,l10n_bg_city.S04279,,
l10n_bg_city.02837,02837,02837,l10n_bg_city.town,Batak,Батак,PAZ03-00,municipality,base.bg,4580,False,l10n_bg_city.S55155,,
l10n_bg_city.03366,03366,03366,l10n_bg_city.town,Belene,Белене,PVN03-00,municipality,base.bg,5930,False,l10n_bg_city.S56722,,
l10n_bg_city.03504,03504,03504,l10n_bg_city.town,Belitsa,Белица,BLG02-00,municipality,base.bg,2780,False,l10n_bg_city.S04279,,
l10n_bg_city.03592,03592,03592,l10n_bg_city.town,Belovo,Белово,PAZ04-00,municipality,base.bg,4470,False,l10n_bg_city.S55155,,
l10n_bg_city.03616,03616,03616,l10n_bg_city.town,Belogradchik,Белоградчик,VID01-00,municipality,base.bg,3900,False,l10n_bg_city.S10971,,
l10n_bg_city.03719,03719,03719,l10n_bg_city.town,Beloslav,Белослав,VAR04-00,municipality,base.bg,9150,False,l10n_bg_city.S10135,,
l10n_bg_city.03928,03928,03928,l10n_bg_city.town,Berkovitsa,Берковица,MON02-00,municipality,base.bg,3500,False,l10n_bg_city.S48489,,
l10n_bg_city.04279,04279,04279,l10n_bg_city.town,Blagoevgrad,Благоевград,BLG03-00,municipality,base.bg,2700,True,l10n_bg_city.S04279,,
l10n_bg_city.04501,04501,04501,l10n_bg_city.town,Bobov dol,Бобов дол,KNL04-00,municipality,base.bg,2670,False,l10n_bg_city.S41112,,
l10n_bg_city.04532,04532,04532,l10n_bg_city.town,Boboshevo,Бобошево,KNL05-00,municipality,base.bg,2660,False,l10n_bg_city.S41112,,
l10n_bg_city.05027,05027,05027,l10n_bg_city.town,Bozhurishte,Божурище,SFO06-00,municipality,base.bg,2227,False,l10n_bg_city.S68134,,
l10n_bg_city.05195,05195,05195,l10n_bg_city.village,Boynitsa,Бойница,VID03-00,municipality,base.bg,3840,False,l10n_bg_city.S10971,,
l10n_bg_city.05236,05236,05236,l10n_bg_city.town,Boychinovtsi,Бойчиновци,MON04-00,municipality,base.bg,3480,False,l10n_bg_city.S48489,,
l10n_bg_city.05284,05284,05284,l10n_bg_city.town,Bolyarovo,Болярово,JAM03-00,municipality,base.bg,8720,False,l10n_bg_city.S87374,,
l10n_bg_city.05462,05462,05462,l10n_bg_city.village,Borino,Борино,SML05-00,municipality,base.bg,4824,False,l10n_bg_city.S67653,,
l10n_bg_city.05548,05548,05548,l10n_bg_city.village,Borovan,Борован,VRC05-00,municipality,base.bg,3240,False,l10n_bg_city.S12259,,
l10n_bg_city.05611,05611,05611,l10n_bg_city.town,Borovo,Борово,RSE03-00,municipality,base.bg,7174,False,l10n_bg_city.S63427,,
l10n_bg_city.05815,05815,05815,l10n_bg_city.town,Botevgrad,Ботевград,SFO07-00,municipality,base.bg,2140,False,l10n_bg_city.S68134,,
l10n_bg_city.06183,06183,06183,l10n_bg_city.village,Bratya Daskalovi,Братя Даскалови,SZR04-00,municipality,base.bg,6250,False,l10n_bg_city.S68850,,
l10n_bg_city.06207,06207,06207,l10n_bg_city.town,Bratsigovo,Брацигово,PAZ06-00,municipality,base.bg,4679,False,l10n_bg_city.S55155,,
l10n_bg_city.06224,06224,06224,l10n_bg_city.town,Bregovo,Брегово,VID06-00,municipality,base.bg,3790,False,l10n_bg_city.S10971,,
l10n_bg_city.06286,06286,06286,l10n_bg_city.town,Breznik,Брезник,PER08-00,municipality,base.bg,2360,False,l10n_bg_city.S55871,,
l10n_bg_city.06361,06361,06361,l10n_bg_city.town,Brezovo,Брезово,PDV07-00,municipality,base.bg,4160,False,l10n_bg_city.S56784,,
l10n_bg_city.06570,06570,06570,l10n_bg_city.town,Brusartsi,Брусарци,MON07-00,municipality,base.bg,3680,False,l10n_bg_city.S48489,,
l10n_bg_city.07079,07079,07079,l10n_bg_city.town,Burgas,Бургас,BGS04-00,municipality,base.bg,8000,True,l10n_bg_city.S07079,,
l10n_bg_city.07598,07598,07598,l10n_bg_city.town,Byala,Бяла,VAR05-00,municipality,base.bg,9101,False,l10n_bg_city.S10135,,
l10n_bg_city.07603,07603,07603,l10n_bg_city.town,Byala,Бяла,RSE04-00,municipality,base.bg,7100,False,l10n_bg_city.S63427,,
l10n_bg_city.07702,07702,07702,l10n_bg_city.town,Byala Slatina,Бяла Слатина,VRC08-00,municipality,base.bg,3200,False,l10n_bg_city.S12259,,
l10n_bg_city.10135,10135,10135,l10n_bg_city.town,Varna,Варна,VAR06-00,municipality,base.bg,9000,True,l10n_bg_city.S10135,,
l10n_bg_city.58222,58222,58222,l10n_bg_city.town,Veliki Preslav,Велики Преслав,SHU23-00,municipality,base.bg,9850,False,l10n_bg_city.S83510,,
l10n_bg_city.10447,10447,10447,l10n_bg_city.town,Veliko Tarnovo,Велико Търново,VTR04-00,municipality,base.bg,5000,True,l10n_bg_city.S10447,,
l10n_bg_city.10450,10450,10450,l10n_bg_city.town,Velingrad,Велинград,PAZ08-00,municipality,base.bg,4600,False,l10n_bg_city.S55155,,
l10n_bg_city.10642,10642,10642,l10n_bg_city.village,Venets,Венец,SHU07-00,municipality,base.bg,9751,False,l10n_bg_city.S83510,,
l10n_bg_city.10803,10803,10803,l10n_bg_city.town,Vetovo,Ветово,RSE05-00,municipality,base.bg,7080,False,l10n_bg_city.S63427,,
l10n_bg_city.10865,10865,10865,l10n_bg_city.village,Vetrino,Ветрино,VAR08-00,municipality,base.bg,9220,False,l10n_bg_city.S10135,,
l10n_bg_city.10971,10971,10971,l10n_bg_city.town,Vidin,Видин,VID09-00,municipality,base.bg,3700,True,l10n_bg_city.S10971,,
l10n_bg_city.12259,12259,12259,l10n_bg_city.town,Vratsa,Враца,VRC10-00,municipality,base.bg,3000,True,l10n_bg_city.S12259,,
l10n_bg_city.12543,12543,12543,l10n_bg_city.town,Valchedram,Вълчедръм,MON11-00,municipality,base.bg,3650,False,l10n_bg_city.S48489,,
l10n_bg_city.12574,12574,12574,l10n_bg_city.town,Valchi dol,Вълчи дол,VAR09-00,municipality,base.bg,9280,False,l10n_bg_city.S10135,,
l10n_bg_city.12766,12766,12766,l10n_bg_city.town,Varbitsa,Върбица,SHU10-00,municipality,base.bg,9870,False,l10n_bg_city.S83510,,
l10n_bg_city.12961,12961,12961,l10n_bg_city.town,Varshets,Вършец,MON12-00,municipality,base.bg,3540,False,l10n_bg_city.S48489,,
l10n_bg_city.14218,14218,14218,l10n_bg_city.town,Gabrovo,Габрово,GAB05-00,municipality,base.bg,5300,True,l10n_bg_city.S14218,,
l10n_bg_city.14711,14711,14711,l10n_bg_city.town,General Toshevo,Генерал Тошево,DOB12-00,municipality,base.bg,9500,False,l10n_bg_city.S72624,,
l10n_bg_city.14773,14773,14773,l10n_bg_city.village,Georgi Damyanovo,Георги Дамяново,MON14-00,municipality,base.bg,3470,False,l10n_bg_city.S48489,,
l10n_bg_city.15031,15031,15031,l10n_bg_city.town,Glavinitsa,Главиница,SLS07-00,municipality,base.bg,7630,False,l10n_bg_city.S66425,,
l10n_bg_city.15309,15309,15309,l10n_bg_city.town,Godech,Годеч,SFO09-00,municipality,base.bg,2240,False,l10n_bg_city.S68134,,
l10n_bg_city.16314,16314,16314,l10n_bg_city.village,Gorna Malina,Горна Малина,SFO10-00,municipality,base.bg,2131,False,l10n_bg_city.S68134,,
l10n_bg_city.16359,16359,16359,l10n_bg_city.town,Gorna Oryahovitsa,Горна Оряховица,VTR06-00,municipality,base.bg,5100,False,l10n_bg_city.S10447,,
l10n_bg_city.17395,17395,17395,l10n_bg_city.town,Gotse Delchev,Гоце Делчев,BLG11-00,municipality,base.bg,2900,False,l10n_bg_city.S04279,,
l10n_bg_city.17645,17645,17645,l10n_bg_city.town,Gramada,Грамада,VID15-00,municipality,base.bg,3830,False,l10n_bg_city.S10971,,
l10n_bg_city.18099,18099,18099,l10n_bg_city.town,Gulyantsi,Гулянци,PVN08-00,municipality,base.bg,5960,False,l10n_bg_city.S56722,,
l10n_bg_city.18157,18157,18157,l10n_bg_city.town,Gurkovo,Гурково,SZR37-00,municipality,base.bg,6199,False,l10n_bg_city.S68850,,
l10n_bg_city.18280,18280,18280,l10n_bg_city.town,Galabovo,Гълъбово,SZR07-00,municipality,base.bg,6280,False,l10n_bg_city.S68850,,
l10n_bg_city.18366,18366,18366,l10n_bg_city.village,Garmen,Гърмен,BLG13-00,municipality,base.bg,2960,False,l10n_bg_city.S04279,,
l10n_bg_city.20184,20184,20184,l10n_bg_city.town,Dve mogili,Две могили,RSE08-00,municipality,base.bg,7150,False,l10n_bg_city.S63427,,
l10n_bg_city.20465,20465,20465,l10n_bg_city.town,Devin,Девин,SML09-00,municipality,base.bg,4800,False,l10n_bg_city.S67653,,
l10n_bg_city.20482,20482,20482,l10n_bg_city.town,Devnya,Девня,VAR14-00,municipality,base.bg,9160,False,l10n_bg_city.S10135,,
l10n_bg_city.20746,20746,20746,l10n_bg_city.town,Dzhebel,Джебел,KRZ08-00,municipality,base.bg,6850,False,l10n_bg_city.S40909,,
l10n_bg_city.21052,21052,21052,l10n_bg_city.town,Dimitrovgrad,Димитровград,HKV09-00,municipality,base.bg,6400,False,l10n_bg_city.S77195,,
l10n_bg_city.21097,21097,21097,l10n_bg_city.town,Dimovo,Димово,VID16-00,municipality,base.bg,3750,False,l10n_bg_city.S10971,,
l10n_bg_city.72624,72624,72624,l10n_bg_city.town,Dobrich,Добрич,DOB28-00,municipality,base.bg,9300,True,l10n_bg_city.S72624,,
l10n_bg_city.22006,22006,22006,l10n_bg_city.town,Dolna banya,Долна баня,SFO59-00,municipality,base.bg,2040,False,l10n_bg_city.S68134,,
l10n_bg_city.22215,22215,22215,l10n_bg_city.town,Dolna Mitropolia,Долна Митрополия,PVN10-00,municipality,base.bg,5855,False,l10n_bg_city.S56722,,
l10n_bg_city.22407,22407,22407,l10n_bg_city.town,Dolni Dabnik,Долни Дъбник,PVN11-00,municipality,base.bg,5870,False,l10n_bg_city.S56722,,
l10n_bg_city.21912,21912,21912,l10n_bg_city.town,Dolni chiflik,Долни чифлик,VAR13-00,municipality,base.bg,9120,False,l10n_bg_city.S10135,,
l10n_bg_city.23025,23025,23025,l10n_bg_city.town,Dospat,Доспат,SML10-00,municipality,base.bg,4831,False,l10n_bg_city.S67653,,
l10n_bg_city.23409,23409,23409,l10n_bg_city.town,Dragoman,Драгоман,SFO16-00,municipality,base.bg,2210,False,l10n_bg_city.S68134,,
l10n_bg_city.23947,23947,23947,l10n_bg_city.town,Dryanovo,Дряново,GAB12-00,municipality,base.bg,5370,False,l10n_bg_city.S14218,,
l10n_bg_city.24030,24030,24030,l10n_bg_city.town,Dulovo,Дулово,SLS10-00,municipality,base.bg,7650,False,l10n_bg_city.S66425,,
l10n_bg_city.68789,68789,68789,l10n_bg_city.town,Dupnitsa,Дупница,KNL48-00,municipality,base.bg,2600,False,l10n_bg_city.S41112,,
l10n_bg_city.24565,24565,24565,l10n_bg_city.town,Dalgopol,Дългопол,VAR16-00,municipality,base.bg,9250,False,l10n_bg_city.S10135,,
l10n_bg_city.27190,27190,27190,l10n_bg_city.town,Elena,Елена,VTR13-00,municipality,base.bg,5070,False,l10n_bg_city.S10447,,
l10n_bg_city.27303,27303,27303,l10n_bg_city.town,Elin Pelin,Елин Пелин,SFO17-00,municipality,base.bg,2100,False,l10n_bg_city.S68134,,
l10n_bg_city.27382,27382,27382,l10n_bg_city.town,Elhovo,Елхово,JAM07-00,municipality,base.bg,8700,False,l10n_bg_city.S87374,,
l10n_bg_city.27632,27632,27632,l10n_bg_city.town,Etropole,Етрополе,SFO18-00,municipality,base.bg,2170,False,l10n_bg_city.S68134,,
l10n_bg_city.30065,30065,30065,l10n_bg_city.town,Zavet,Завет,RAZ11-00,municipality,base.bg,7330,False,l10n_bg_city.S61710,,
l10n_bg_city.30778,30778,30778,l10n_bg_city.town,Zemen,Земен,PER19-00,municipality,base.bg,2440,False,l10n_bg_city.S55871,,
l10n_bg_city.30962,30962,30962,l10n_bg_city.town,Zlataritsa,Златарица,VTR14-00,municipality,base.bg,5090,False,l10n_bg_city.S10447,,
l10n_bg_city.31044,31044,31044,l10n_bg_city.town,Zlatitsa,Златица,SFO47-00,municipality,base.bg,2080,False,l10n_bg_city.S68134,,
l10n_bg_city.31111,31111,31111,l10n_bg_city.town,Zlatograd,Златоград,SML11-00,municipality,base.bg,4980,False,l10n_bg_city.S67653,,
l10n_bg_city.32024,32024,32024,l10n_bg_city.town,Ivaylovgrad,Ивайловград,HKV11-00,municipality,base.bg,6970,False,l10n_bg_city.S77195,,
l10n_bg_city.32095,32095,32095,l10n_bg_city.village,Ivanovo,Иваново,RSE13-00,municipality,base.bg,7088,False,l10n_bg_city.S63427,,
l10n_bg_city.55782,55782,55782,l10n_bg_city.town,Iskar,Искър,PVN23-00,municipality,base.bg,5868,False,l10n_bg_city.S56722,,
l10n_bg_city.32874,32874,32874,l10n_bg_city.town,Isperih,Исперих,RAZ14-00,municipality,base.bg,7400,False,l10n_bg_city.S61710,,
l10n_bg_city.32901,32901,32901,l10n_bg_city.town,Ihtiman,Ихтиман,SFO20-00,municipality,base.bg,2050,False,l10n_bg_city.S68134,,
l10n_bg_city.35064,35064,35064,l10n_bg_city.town,Kavarna,Каварна,DOB17-00,municipality,base.bg,9650,False,l10n_bg_city.S72624,,
l10n_bg_city.35167,35167,35167,l10n_bg_city.town,Kazanlak,Казанлък,SZR12-00,municipality,base.bg,6100,False,l10n_bg_city.S68850,,
l10n_bg_city.35242,35242,35242,l10n_bg_city.village,Kaynardzha,Кайнарджа,SLS15-00,municipality,base.bg,7550,False,l10n_bg_city.S66425,,
l10n_bg_city.35523,35523,35523,l10n_bg_city.village,Kaloyanovo,Калояново,PDV12-00,municipality,base.bg,4173,False,l10n_bg_city.S56784,,
l10n_bg_city.35883,35883,35883,l10n_bg_city.town,Kameno,Камено,BGS08-00,municipality,base.bg,8120,False,l10n_bg_city.S07079,,
l10n_bg_city.36079,36079,36079,l10n_bg_city.town,Kaolinovo,Каолиново,SHU18-00,municipality,base.bg,9960,False,l10n_bg_city.S83510,,
l10n_bg_city.36498,36498,36498,l10n_bg_city.town,Karlovo,Карлово,PDV13-00,municipality,base.bg,4300,False,l10n_bg_city.S56784,,
l10n_bg_city.36525,36525,36525,l10n_bg_city.town,Karnobat,Карнобат,BGS09-00,municipality,base.bg,8400,False,l10n_bg_city.S07079,,
l10n_bg_city.36587,36587,36587,l10n_bg_city.town,Kaspichan,Каспичан,SHU19-00,municipality,base.bg,9930,False,l10n_bg_city.S83510,,
l10n_bg_city.36926,36926,36926,l10n_bg_city.village,Kirkovo,Кирково,KRZ14-00,municipality,base.bg,6884,False,l10n_bg_city.S40909,,
l10n_bg_city.37376,37376,37376,l10n_bg_city.town,Knezha,Кнежа,PVN39-00,municipality,base.bg,3230,False,l10n_bg_city.S56722,,
l10n_bg_city.37513,37513,37513,l10n_bg_city.village,Kovachevtsi,Ковачевци,PER22-00,municipality,base.bg,2450,False,l10n_bg_city.S55871,,
l10n_bg_city.37798,37798,37798,l10n_bg_city.town,Kozloduy,Козлодуй,VRC20-00,municipality,base.bg,3320,False,l10n_bg_city.S12259,,
l10n_bg_city.38558,38558,38558,l10n_bg_city.town,Koprivshtitsa,Копривщица,SFO24-00,municipality,base.bg,2090,False,l10n_bg_city.S68134,,
l10n_bg_city.38902,38902,38902,l10n_bg_city.town,Kostenets,Костенец,SFO25-00,municipality,base.bg,2030,False,l10n_bg_city.S68134,,
l10n_bg_city.38978,38978,38978,l10n_bg_city.town,Kostinbrod,Костинброд,SFO26-00,municipality,base.bg,2230,False,l10n_bg_city.S68134,,
l10n_bg_city.39030,39030,39030,l10n_bg_city.town,Kotel,Котел,SLV11-00,municipality,base.bg,8970,False,l10n_bg_city.S67338,,
l10n_bg_city.39116,39116,39116,l10n_bg_city.town,Kocherinovo,Кочериново,KNL27-00,municipality,base.bg,2640,False,l10n_bg_city.S41112,,
l10n_bg_city.14492,14492,14492,l10n_bg_city.town,Kresna,Кресна,BLG28-00,municipality,base.bg,2840,False,l10n_bg_city.S04279,,
l10n_bg_city.39846,39846,39846,l10n_bg_city.town,Krivodol,Криводол,VRC21-00,municipality,base.bg,3060,False,l10n_bg_city.S12259,,
l10n_bg_city.39921,39921,39921,l10n_bg_city.town,Krichim,Кричим,PDV39-00,municipality,base.bg,4220,False,l10n_bg_city.S56784,,
l10n_bg_city.39970,39970,39970,l10n_bg_city.town,Krumovgrad,Крумовград,KRZ15-00,municipality,base.bg,6900,False,l10n_bg_city.S40909,,
l10n_bg_city.40097,40097,40097,l10n_bg_city.village,Krushari,Крушари,DOB20-00,municipality,base.bg,9410,False,l10n_bg_city.S72624,,
l10n_bg_city.40422,40422,40422,l10n_bg_city.town,Kubrat,Кубрат,RAZ16-00,municipality,base.bg,7300,False,l10n_bg_city.S61710,,
l10n_bg_city.40467,40467,40467,l10n_bg_city.town,Kuklen,Куклен,PDV42-00,municipality,base.bg,4101,False,l10n_bg_city.S56784,,
l10n_bg_city.40525,40525,40525,l10n_bg_city.town,Kula,Кула,VID22-00,municipality,base.bg,3800,False,l10n_bg_city.S10971,,
l10n_bg_city.40909,40909,40909,l10n_bg_city.town,Kardzhali,Кърджали,KRZ16-00,municipality,base.bg,6600,True,l10n_bg_city.S40909,,
l10n_bg_city.41112,41112,41112,l10n_bg_city.town,Kyustendil,Кюстендил,KNL29-00,municipality,base.bg,2500,True,l10n_bg_city.S41112,,
l10n_bg_city.43236,43236,43236,l10n_bg_city.town,Levski,Левски,PVN16-00,municipality,base.bg,5900,False,l10n_bg_city.S56722,,
l10n_bg_city.43369,43369,43369,l10n_bg_city.village,Lesichovo,Лесичово,PAZ14-00,municipality,base.bg,4463,False,l10n_bg_city.S55155,,
l10n_bg_city.43476,43476,43476,l10n_bg_city.town,Letnitsa,Летница,LOV17-00,municipality,base.bg,5570,False,l10n_bg_city.S43952,,
l10n_bg_city.43952,43952,43952,l10n_bg_city.town,Lovech,Ловеч,LOV18-00,municipality,base.bg,5500,True,l10n_bg_city.S43952,,
l10n_bg_city.44166,44166,44166,l10n_bg_city.town,Loznitsa,Лозница,RAZ17-00,municipality,base.bg,7290,False,l10n_bg_city.S61710,,
l10n_bg_city.44238,44238,44238,l10n_bg_city.town,Lom,Лом,MON24-00,municipality,base.bg,3600,False,l10n_bg_city.S48489,,
l10n_bg_city.44327,44327,44327,l10n_bg_city.town,Lukovit,Луковит,LOV19-00,municipality,base.bg,5770,False,l10n_bg_city.S43952,,
l10n_bg_city.44478,44478,44478,l10n_bg_city.town,Laki,Лъки,PDV15-00,municipality,base.bg,4860,False,l10n_bg_city.S56784,,
l10n_bg_city.44570,44570,44570,l10n_bg_city.town,Lyubimets,Любимец,HKV17-00,municipality,base.bg,6550,False,l10n_bg_city.S77195,,
l10n_bg_city.44793,44793,44793,l10n_bg_city.town,Lyaskovets,Лясковец,VTR20-00,municipality,base.bg,5140,False,l10n_bg_city.S10447,,
l10n_bg_city.46045,46045,46045,l10n_bg_city.town,Madan,Мадан,SML16-00,municipality,base.bg,4900,False,l10n_bg_city.S67653,,
l10n_bg_city.46084,46084,46084,l10n_bg_city.town,Madzharovo,Маджарово,HKV18-00,municipality,base.bg,6480,False,l10n_bg_city.S77195,,
l10n_bg_city.46245,46245,46245,l10n_bg_city.village,Makresh,Макреш,VID25-00,municipality,base.bg,3760,False,l10n_bg_city.S10971,,
l10n_bg_city.46663,46663,46663,l10n_bg_city.town,Malko Tarnovo,Малко Търново,BGS12-00,municipality,base.bg,8350,False,l10n_bg_city.S07079,,
l10n_bg_city.47593,47593,47593,l10n_bg_city.village,Medkovets,Медковец,MON26-00,municipality,base.bg,3670,False,l10n_bg_city.S48489,,
l10n_bg_city.47714,47714,47714,l10n_bg_city.town,Mezdra,Мездра,VRC27-00,municipality,base.bg,3100,False,l10n_bg_city.S12259,,
l10n_bg_city.48043,48043,48043,l10n_bg_city.town,Mizia,Мизия,VRC28-00,municipality,base.bg,3330,False,l10n_bg_city.S12259,,
l10n_bg_city.48297,48297,48297,l10n_bg_city.village,Mineralni bani,Минерални бани,HKV19-00,municipality,base.bg,6343,False,l10n_bg_city.S77195,,
l10n_bg_city.48324,48324,48324,l10n_bg_city.village,Mirkovo,Мирково,SFO56-00,municipality,base.bg,2095,False,l10n_bg_city.S68134,,
l10n_bg_city.48996,48996,48996,l10n_bg_city.town,Momchilgrad,Момчилград,KRZ21-00,municipality,base.bg,6800,False,l10n_bg_city.S40909,,
l10n_bg_city.48489,48489,48489,l10n_bg_city.town,Montana,Монтана,MON29-00,municipality,base.bg,3400,True,l10n_bg_city.S48489,,
l10n_bg_city.49494,49494,49494,l10n_bg_city.town,Maglizh,Мъглиж,SZR22-00,municipality,base.bg,6180,False,l10n_bg_city.S68850,,
l10n_bg_city.51216,51216,51216,l10n_bg_city.village,Nevestino,Невестино,KNL31-00,municipality,base.bg,2595,False,l10n_bg_city.S41112,,
l10n_bg_city.51319,51319,51319,l10n_bg_city.town,Nedelino,Неделино,SML18-00,municipality,base.bg,4990,False,l10n_bg_city.S67653,,
l10n_bg_city.51500,51500,51500,l10n_bg_city.town,Nesebar,Несебър,BGS15-00,municipality,base.bg,8230,False,l10n_bg_city.S07079,,
l10n_bg_city.51648,51648,51648,l10n_bg_city.town,Nikolaevo,Николаево,SZR38-00,municipality,base.bg,6190,False,l10n_bg_city.S68850,,
l10n_bg_city.51651,51651,51651,l10n_bg_city.village,Nikola Kozlevo,Никола Козлево,SHU21-00,municipality,base.bg,9955,False,l10n_bg_city.S83510,,
l10n_bg_city.51723,51723,51723,l10n_bg_city.town,Nikopol,Никопол,PVN21-00,municipality,base.bg,5940,False,l10n_bg_city.S56722,,
l10n_bg_city.51809,51809,51809,l10n_bg_city.town,Nova Zagora,Нова Загора,SLV16-00,municipality,base.bg,8900,False,l10n_bg_city.S67338,,
l10n_bg_city.52009,52009,52009,l10n_bg_city.town,Novi pazar,Нови пазар,SHU22-00,municipality,base.bg,9900,False,l10n_bg_city.S83510,,
l10n_bg_city.52180,52180,52180,l10n_bg_city.village,Novo selo,Ново село,VID30-00,municipality,base.bg,3784,False,l10n_bg_city.S10971,,
l10n_bg_city.53535,53535,53535,l10n_bg_city.town,Omurtag,Омуртаг,TGV22-00,municipality,base.bg,7900,False,l10n_bg_city.S73626,,
l10n_bg_city.53552,53552,53552,l10n_bg_city.town,Opaka,Опака,TGV23-00,municipality,base.bg,7840,False,l10n_bg_city.S73626,,
l10n_bg_city.53576,53576,53576,l10n_bg_city.village,Opan,Опан,SZR23-00,municipality,base.bg,6078,False,l10n_bg_city.S68850,,
l10n_bg_city.54020,54020,54020,l10n_bg_city.town,Oryahovo,Оряхово,VRC31-00,municipality,base.bg,3300,False,l10n_bg_city.S12259,,
l10n_bg_city.55021,55021,55021,l10n_bg_city.town,Pavel banya,Павел баня,SZR24-00,municipality,base.bg,6155,False,l10n_bg_city.S68850,,
l10n_bg_city.55052,55052,55052,l10n_bg_city.town,Pavlikeni,Павликени,VTR22-00,municipality,base.bg,5200,False,l10n_bg_city.S10447,,
l10n_bg_city.55155,55155,55155,l10n_bg_city.town,Pazardzhik,Пазарджик,PAZ19-00,municipality,base.bg,4400,True,l10n_bg_city.S55155,,
l10n_bg_city.55302,55302,55302,l10n_bg_city.town,Panagyurishte,Панагюрище,PAZ20-00,municipality,base.bg,4500,False,l10n_bg_city.S55155,,
l10n_bg_city.55871,55871,55871,l10n_bg_city.town,Pernik,Перник,PER32-00,municipality,base.bg,2300,True,l10n_bg_city.S55871,,
l10n_bg_city.55909,55909,55909,l10n_bg_city.town,Perushtitsa,Перущица,PDV40-00,municipality,base.bg,4225,False,l10n_bg_city.S56784,,
l10n_bg_city.56126,56126,56126,l10n_bg_city.town,Petrich,Петрич,BLG33-00,municipality,base.bg,2850,False,l10n_bg_city.S04279,,
l10n_bg_city.56277,56277,56277,l10n_bg_city.town,Peshtera,Пещера,PAZ21-00,municipality,base.bg,4550,False,l10n_bg_city.S55155,,
l10n_bg_city.56407,56407,56407,l10n_bg_city.town,Pirdop,Пирдоп,SFO55-00,municipality,base.bg,2080,False,l10n_bg_city.S68134,,
l10n_bg_city.56722,56722,56722,l10n_bg_city.town,Pleven,Плевен,PVN24-00,municipality,base.bg,5800,True,l10n_bg_city.S56722,,
l10n_bg_city.56784,56784,56784,l10n_bg_city.town,Plovdiv,Пловдив,PDV22-00,municipality,base.bg,4000,False,l10n_bg_city.S56784,,
l10n_bg_city.57354,57354,57354,l10n_bg_city.town,Polski Trambesh,Полски Тръмбеш,VTR26-00,municipality,base.bg,5180,True,l10n_bg_city.S10447,,
l10n_bg_city.57491,57491,57491,l10n_bg_city.town,Pomorie,Поморие,BGS17-00,municipality,base.bg,8200,False,l10n_bg_city.S07079,,
l10n_bg_city.57649,57649,57649,l10n_bg_city.town,Popovo,Попово,TGV24-00,municipality,base.bg,7800,False,l10n_bg_city.S73626,,
l10n_bg_city.57772,57772,57772,l10n_bg_city.town,Pordim,Пордим,PVN27-00,municipality,base.bg,5898,False,l10n_bg_city.S56722,,
l10n_bg_city.58030,58030,58030,l10n_bg_city.town,Pravets,Правец,SFO34-00,municipality,base.bg,2161,False,l10n_bg_city.S68134,,
l10n_bg_city.58356,58356,58356,l10n_bg_city.town,Primorsko,Приморско,BGS27-00,municipality,base.bg,8290,False,l10n_bg_city.S07079,,
l10n_bg_city.58503,58503,58503,l10n_bg_city.town,Provadia,Провадия,VAR24-00,municipality,base.bg,9200,False,l10n_bg_city.S10135,,
l10n_bg_city.59080,59080,59080,l10n_bg_city.town,Parvomay,Първомай,PDV23-00,municipality,base.bg,4270,False,l10n_bg_city.S56784,,
l10n_bg_city.61460,61460,61460,l10n_bg_city.town,Radnevo,Раднево,SZR27-00,municipality,base.bg,6260,False,l10n_bg_city.S68850,,
l10n_bg_city.61577,61577,61577,l10n_bg_city.town,Radomir,Радомир,PER36-00,municipality,base.bg,2400,False,l10n_bg_city.S55871,,
l10n_bg_city.61710,61710,61710,l10n_bg_city.town,Razgrad,Разград,RAZ26-00,municipality,base.bg,7200,True,l10n_bg_city.S61710,,
l10n_bg_city.61813,61813,61813,l10n_bg_city.town,Razlog,Разлог,BLG37-00,municipality,base.bg,2760,False,l10n_bg_city.S04279,,
l10n_bg_city.62004,62004,62004,l10n_bg_city.town,Rakitovo,Ракитово,PAZ24-00,municipality,base.bg,4640,False,l10n_bg_city.S55155,,
l10n_bg_city.62075,62075,62075,l10n_bg_city.town,Rakovski,Раковски,PDV25-00,municipality,base.bg,4150,False,l10n_bg_city.S56784,,
l10n_bg_city.62671,62671,62671,l10n_bg_city.town,Rila,Рила,KNL38-00,municipality,base.bg,2630,False,l10n_bg_city.S41112,,
l10n_bg_city.62997,62997,62997,l10n_bg_city.town,Roman,Роман,VRC32-00,municipality,base.bg,3130,False,l10n_bg_city.S12259,,
l10n_bg_city.63207,63207,63207,l10n_bg_city.town,Rudozem,Рудозем,SML27-00,municipality,base.bg,4960,False,l10n_bg_city.S67653,,
l10n_bg_city.63224,63224,63224,l10n_bg_city.village,Ruen,Руен,BGS18-00,municipality,base.bg,8540,False,l10n_bg_city.S07079,,
l10n_bg_city.63255,63255,63255,l10n_bg_city.village,Ruzhintsi,Ружинци,VID33-00,municipality,base.bg,3930,False,l10n_bg_city.S10971,,
l10n_bg_city.63427,63427,63427,l10n_bg_city.town,Ruse,Русе,RSE27-00,municipality,base.bg,7000,True,l10n_bg_city.S63427,,
l10n_bg_city.65139,65139,65139,l10n_bg_city.town,Sadovo,Садово,PDV28-00,municipality,base.bg,4122,False,l10n_bg_city.S56784,,
l10n_bg_city.65231,65231,65231,l10n_bg_city.town,Samokov,Самоков,SFO39-00,municipality,base.bg,2000,False,l10n_bg_city.S68134,,
l10n_bg_city.65276,65276,65276,l10n_bg_city.village,Samuil,Самуил,RAZ29-00,municipality,base.bg,7253,False,l10n_bg_city.S61710,,
l10n_bg_city.65334,65334,65334,l10n_bg_city.town,Sandanski,Сандански,BLG40-00,municipality,base.bg,2800,False,l10n_bg_city.S04279,,
l10n_bg_city.65365,65365,65365,l10n_bg_city.town,Sapareva banya,Сапарева баня,KNL41-00,municipality,base.bg,2650,False,l10n_bg_city.S41112,,
l10n_bg_city.65440,65440,65440,l10n_bg_city.village,Satovcha,Сатовча,BLG42-00,municipality,base.bg,2950,False,l10n_bg_city.S04279,,
l10n_bg_city.65677,65677,65677,l10n_bg_city.town,Svilengrad,Свиленград,HKV28-00,municipality,base.bg,6500,False,l10n_bg_city.S77195,,
l10n_bg_city.65766,65766,65766,l10n_bg_city.town,Svishtov,Свищов,VTR28-00,municipality,base.bg,5250,False,l10n_bg_city.S10447,,
l10n_bg_city.65869,65869,65869,l10n_bg_city.town,Svoge,Своге,SFO43-00,municipality,base.bg,2260,False,l10n_bg_city.S68134,,
l10n_bg_city.65927,65927,65927,l10n_bg_city.town,Sevlievo,Севлиево,GAB29-00,municipality,base.bg,5400,False,l10n_bg_city.S14218,,
l10n_bg_city.66264,66264,66264,l10n_bg_city.town,Septemvri,Септември,PAZ29-00,municipality,base.bg,4490,False,l10n_bg_city.S55155,,
l10n_bg_city.66425,66425,66425,l10n_bg_city.town,Silistra,Силистра,SLS31-00,municipality,base.bg,7500,True,l10n_bg_city.S66425,,
l10n_bg_city.47278,47278,47278,l10n_bg_city.town,Simeonovgrad,Симеоновград,HKV29-00,municipality,base.bg,6490,False,l10n_bg_city.S77195,,
l10n_bg_city.66460,66460,66460,l10n_bg_city.town,Simitli,Симитли,BLG44-00,municipality,base.bg,2730,False,l10n_bg_city.S04279,,
l10n_bg_city.66665,66665,66665,l10n_bg_city.village,Sitovo,Ситово,SLS32-00,municipality,base.bg,7583,False,l10n_bg_city.S66425,,
l10n_bg_city.67338,67338,67338,l10n_bg_city.town,Sliven,Сливен,SLV20-00,municipality,base.bg,8800,True,l10n_bg_city.S67338,,
l10n_bg_city.67372,67372,67372,l10n_bg_city.town,Slivnitsa,Сливница,SFO45-00,municipality,base.bg,2200,False,l10n_bg_city.S68134,,
l10n_bg_city.67444,67444,67444,l10n_bg_city.town,Slivo pole,Сливо поле,RSE33-00,municipality,base.bg,7060,False,l10n_bg_city.S63427,,
l10n_bg_city.67653,67653,67653,l10n_bg_city.town,Smolyan,Смолян,SML31-00,municipality,base.bg,4700,True,l10n_bg_city.S67653,,
l10n_bg_city.67708,67708,67708,l10n_bg_city.town,Smyadovo,Смядово,SHU25-00,municipality,base.bg,9820,False,l10n_bg_city.S83510,,
l10n_bg_city.67800,67800,67800,l10n_bg_city.town,Sozopol,Созопол,BGS21-00,municipality,base.bg,8130,False,l10n_bg_city.S07079,,
l10n_bg_city.68080,68080,68080,l10n_bg_city.town,Sopot,Сопот,PDV43-00,municipality,base.bg,4330,False,l10n_bg_city.S56784,,
l10n_bg_city.68134,68134,68134,l10n_bg_city.town,Sofia,София,SOF46-00,municipality,base.bg,1000,True,l10n_bg_city.S68134,,
l10n_bg_city.17974,17974,17974,l10n_bg_city.town,Sredets,Средец,BGS06-00,municipality,base.bg,8300,False,l10n_bg_city.S07079,,
l10n_bg_city.51980,51980,51980,l10n_bg_city.town,Stamboliyski,Стамболийски,PDV41-00,municipality,base.bg,4210,False,l10n_bg_city.S56784,,
l10n_bg_city.68727,68727,68727,l10n_bg_city.village,Stambolovo,Стамболово,HKV30-00,municipality,base.bg,6362,False,l10n_bg_city.S77195,,
l10n_bg_city.68850,68850,68850,l10n_bg_city.town,Stara Zagora,Стара Загора,SZR31-00,municipality,base.bg,6000,True,l10n_bg_city.S68850,,
l10n_bg_city.69633,69633,69633,l10n_bg_city.town,Strazhitsa,Стражица,VTR31-00,municipality,base.bg,5150,False,l10n_bg_city.S10447,,
l10n_bg_city.69660,69660,69660,l10n_bg_city.town,Straldzha,Стралджа,JAM22-00,municipality,base.bg,8680,False,l10n_bg_city.S87374,,
l10n_bg_city.69835,69835,69835,l10n_bg_city.town,Strelcha,Стрелча,PAZ32-00,municipality,base.bg,4530,False,l10n_bg_city.S55155,,
l10n_bg_city.69969,69969,69969,l10n_bg_city.village,Strumyani,Струмяни,BLG49-00,municipality,base.bg,2825,False,l10n_bg_city.S04279,,
l10n_bg_city.70175,70175,70175,l10n_bg_city.town,Suvorovo,Суворово,VAR26-00,municipality,base.bg,9170,False,l10n_bg_city.S10135,,
l10n_bg_city.70247,70247,70247,l10n_bg_city.town,Sungurlare,Сунгурларе,BGS23-00,municipality,base.bg,8470,False,l10n_bg_city.S07079,,
l10n_bg_city.70295,70295,70295,l10n_bg_city.town,Suhindol,Сухиндол,VTR32-00,municipality,base.bg,5240,False,l10n_bg_city.S10447,,
l10n_bg_city.70528,70528,70528,l10n_bg_city.town,Saedinenie,Съединение,PDV33-00,municipality,base.bg,4190,False,l10n_bg_city.S56784,,
l10n_bg_city.70648,70648,70648,l10n_bg_city.town,Sarnitsa,Сърница,PAZ39-00,municipality,base.bg,4633,False,l10n_bg_city.S55155,,
l10n_bg_city.72165,72165,72165,l10n_bg_city.town,Tvarditsa,Твърдица,SLV24-00,municipality,base.bg,8890,False,l10n_bg_city.S67338,,
l10n_bg_city.72271,72271,72271,l10n_bg_city.town,Tervel,Тервел,DOB27-00,municipality,base.bg,9450,False,l10n_bg_city.S72624,,
l10n_bg_city.72343,72343,72343,l10n_bg_city.town,Teteven,Тетевен,LOV33-00,municipality,base.bg,5700,False,l10n_bg_city.S43952,,
l10n_bg_city.72761,72761,72761,l10n_bg_city.town,Topolovgrad,Тополовград,HKV32-00,municipality,base.bg,8760,False,l10n_bg_city.S77195,,
l10n_bg_city.73047,73047,73047,l10n_bg_city.village,Treklyano,Трекляно,KNL50-00,municipality,base.bg,2557,False,l10n_bg_city.S41112,,
l10n_bg_city.73198,73198,73198,l10n_bg_city.town,Troyan,Троян,LOV34-00,municipality,base.bg,5600,False,l10n_bg_city.S43952,,
l10n_bg_city.73273,73273,73273,l10n_bg_city.town,Tran,Трън,PER51-00,municipality,base.bg,2460,False,l10n_bg_city.S55871,,
l10n_bg_city.73403,73403,73403,l10n_bg_city.town,Tryavna,Трявна,GAB35-00,municipality,base.bg,5350,False,l10n_bg_city.S14218,,
l10n_bg_city.73496,73496,73496,l10n_bg_city.town,Tutrakan,Тутракан,SLS34-00,municipality,base.bg,7600,False,l10n_bg_city.S66425,,
l10n_bg_city.73626,73626,73626,l10n_bg_city.town,Targovishte,Търговище,TGV35-00,municipality,base.bg,7700,True,l10n_bg_city.S73626,,
l10n_bg_city.75054,75054,75054,l10n_bg_city.town,Ugarchin,Угърчин,LOV36-00,municipality,base.bg,5580,False,l10n_bg_city.S43952,,
l10n_bg_city.77058,77058,77058,l10n_bg_city.town,Hadzhidimovo,Хаджидимово,BLG52-00,municipality,base.bg,2933,False,l10n_bg_city.S04279,,
l10n_bg_city.77102,77102,77102,l10n_bg_city.village,Hayredin,Хайредин,VRC35-00,municipality,base.bg,3357,False,l10n_bg_city.S12259,,
l10n_bg_city.77181,77181,77181,l10n_bg_city.town,Harmanli,Харманли,HKV33-00,municipality,base.bg,6450,False,l10n_bg_city.S77195,,
l10n_bg_city.77195,77195,77195,l10n_bg_city.town,Haskovo,Хасково,HKV34-00,municipality,base.bg,6300,True,l10n_bg_city.S77195,,
l10n_bg_city.77270,77270,77270,l10n_bg_city.town,Hisarya,Хисаря,PDV37-00,municipality,base.bg,4180,False,l10n_bg_city.S56784,,
l10n_bg_city.14516,14516,14516,l10n_bg_city.village,Hitrino,Хитрино,SHU11-00,municipality,base.bg,9780,False,l10n_bg_city.S83510,,
l10n_bg_city.48619,48619,48619,l10n_bg_city.town,Tsarevo,Царево,BGS13-00,municipality,base.bg,8260,False,l10n_bg_city.S07079,,
l10n_bg_city.77308,77308,77308,l10n_bg_city.town,Tsar Kaloyan,Цар Калоян,RAZ36-00,municipality,base.bg,7280,False,l10n_bg_city.S61710,,
l10n_bg_city.78361,78361,78361,l10n_bg_city.village,Tsenovo,Ценово,RSE37-00,municipality,base.bg,7139,False,l10n_bg_city.S63427,,
l10n_bg_city.80011,80011,80011,l10n_bg_city.village,Chavdar,Чавдар,SFO57-00,municipality,base.bg,2034,False,l10n_bg_city.S68134,,
l10n_bg_city.80323,80323,80323,l10n_bg_city.village,Chelopech,Челопеч,SFO58-00,municipality,base.bg,2087,False,l10n_bg_city.S68134,,
l10n_bg_city.80371,80371,80371,l10n_bg_city.town,Chepelare,Чепеларе,SML38-00,municipality,base.bg,4850,False,l10n_bg_city.S67653,,
l10n_bg_city.80501,80501,80501,l10n_bg_city.town,Cherven bryag,Червен бряг,PVN37-00,municipality,base.bg,5980,False,l10n_bg_city.S56722,,
l10n_bg_city.81236,81236,81236,l10n_bg_city.village,Chernoochene,Черноочене,KRZ35-00,municipality,base.bg,6701,False,l10n_bg_city.S40909,,
l10n_bg_city.81390,81390,81390,l10n_bg_city.town,Chiprovtsi,Чипровци,MON36-00,municipality,base.bg,3460,False,l10n_bg_city.S48489,,
l10n_bg_city.81414,81414,81414,l10n_bg_city.town,Chirpan,Чирпан,SZR36-00,municipality,base.bg,6200,False,l10n_bg_city.S68850,,
l10n_bg_city.81757,81757,81757,l10n_bg_city.village,Chuprene,Чупрене,VID37-00,municipality,base.bg,3950,False,l10n_bg_city.S10971,,
l10n_bg_city.83017,83017,83017,l10n_bg_city.town,Shabla,Шабла,DOB29-00,municipality,base.bg,9680,False,l10n_bg_city.S72624,,
l10n_bg_city.83510,83510,83510,l10n_bg_city.town,Shumen,Шумен,SHU30-00,municipality,base.bg,9700,True,l10n_bg_city.S83510,,
l10n_bg_city.87014,87014,87014,l10n_bg_city.town,Yablanitsa,Ябланица,LOV38-00,municipality,base.bg,5750,False,l10n_bg_city.S43952,,
l10n_bg_city.87299,87299,87299,l10n_bg_city.village,Yakimovo,Якимово,MON38-00,municipality,base.bg,3640,False,l10n_bg_city.S48489,,
l10n_bg_city.87338,87338,87338,l10n_bg_city.town,Yakoruda,Якоруда,BLG53-00,municipality,base.bg,2790,False,l10n_bg_city.S04279,,
l10n_bg_city.87374,87374,87374,l10n_bg_city.town,Yambol,Ямбол,JAM26-00,municipality,base.bg,8600,True,l10n_bg_city.S87374,,
